<?xml version="1.0"?>
<scene id="1">
	<attribute name="Name" value="" />
	<attribute name="Time Scale" value="1" />
	<attribute name="Smoothing Constant" value="50" />
	<attribute name="Snap Threshold" value="5" />
	<attribute name="Elapsed Time" value="0" />
	<attribute name="Next Replicated Node ID" value="20" />
	<attribute name="Next Replicated Component ID" value="33" />
	<attribute name="Next Local Node ID" value="16777233" />
	<attribute name="Next Local Component ID" value="16777420" />
	<attribute name="Variables" />
	<attribute name="Variable Names" value="" />
	<component type="Octree" id="1" />
	<component type="DebugRenderer" id="2" />
	<component type="Zone" id="5">
		<attribute name="Bounding Box Min" value="-3000 -3000 -3000" />
		<attribute name="Bounding Box Max" value="3000 3000 3000" />
		<attribute name="Ambient Color" value="0.5 0.5 0.5 1" />
		<attribute name="Fog Color" value="0.4 0.5 0.8 1" />
	</component>
	<component type="PhysicsWorld" id="14">
		<attribute name="Gravity" value="0 0.3 0" />
	</component>
	<node id="5">
		<attribute name="Is Enabled" value="true" />
		<attribute name="Name" value="gate" />
		<attribute name="Tags" />
		<attribute name="Position" value="-0.0187297 3.13543 7.08546" />
		<attribute name="Rotation" value="0.707107 0.707107 0 0" />
		<attribute name="Scale" value="30 30 30" />
		<attribute name="Variables" />
		<component type="StaticModel" id="6">
			<attribute name="Model" value="Model;Models/gate.mdl" />
			<attribute name="Material" value="Material;Materials/Red.xml" />
		</component>
		<component type="RigidBody" id="15">
			<attribute name="Physics Rotation" value="0.707107 0.707107 0 0" />
			<attribute name="Physics Position" value="-0.0187297 3.13543 7.08546" />
		</component>
		<component type="CollisionShape" id="16">
			<attribute name="Shape Type" value="TriangleMesh" />
			<attribute name="Model" value="Model;Models/gate.mdl" />
		</component>
	</node>
	<node id="6">
		<attribute name="Is Enabled" value="true" />
		<attribute name="Name" value="line" />
		<attribute name="Tags" />
		<attribute name="Position" value="0.710013 0.0808768 13.2877" />
		<attribute name="Rotation" value="0.315509 0.315509 0.632814 -0.632814" />
		<attribute name="Scale" value="30 30 30" />
		<attribute name="Variables" />
		<component type="StaticModel" id="7">
			<attribute name="Model" value="Model;Models/line.mdl" />
			<attribute name="Material" value="Material;Materials/Orange.xml" />
		</component>
	</node>
	<node id="7">
		<attribute name="Is Enabled" value="true" />
		<attribute name="Name" value="ball" />
		<attribute name="Tags" />
		<attribute name="Position" value="5.10677 4.86734 18.7905" />
		<attribute name="Rotation" value="1 0 0 0" />
		<attribute name="Scale" value="30 30 30" />
		<attribute name="Variables" />
		<component type="StaticModel" id="8">
			<attribute name="Model" value="Model;Models/ball.mdl" />
			<attribute name="Material" value="Material;Materials/OxidRed.xml" />
		</component>
		<component type="RigidBody" id="17">
			<attribute name="Physics Rotation" value="1 0 0 0" />
			<attribute name="Physics Position" value="5.10677 4.86734 18.7905" />
		</component>
		<component type="CollisionShape" id="18">
			<attribute name="Shape Type" value="Sphere" />
			<attribute name="Size" value="0.032 1 1" />
		</component>
	</node>
	<node id="8">
		<attribute name="Is Enabled" value="true" />
		<attribute name="Name" value="line" />
		<attribute name="Tags" />
		<attribute name="Position" value="6.7629 0 25.6622" />
		<attribute name="Rotation" value="0.353553 0.353553 -0.612373 0.612372" />
		<attribute name="Scale" value="30 30 30" />
		<attribute name="Variables" />
		<component type="StaticModel" id="9">
			<attribute name="Model" value="Model;Models/line.mdl" />
			<attribute name="Material" value="Material;Materials/Orange.xml" />
		</component>
	</node>
	<node id="10">
		<attribute name="Is Enabled" value="true" />
		<attribute name="Name" value="triangle" />
		<attribute name="Tags" />
		<attribute name="Position" value="-0.554882 0 37.6015" />
		<attribute name="Rotation" value="0.707107 0.707107 8.42937e-008 -8.42936e-008" />
		<attribute name="Scale" value="30 30 30" />
		<attribute name="Variables" />
		<component type="StaticModel" id="11">
			<attribute name="Model" value="Model;Models/triangle.mdl" />
			<attribute name="Material" value="Material;Materials/Orange.xml;Materials/01 - Default.xml" />
		</component>
	</node>
	<node id="11">
		<attribute name="Is Enabled" value="true" />
		<attribute name="Name" value="ring" />
		<attribute name="Tags" />
		<attribute name="Position" value="0.00273228 9.91092 36.8306" />
		<attribute name="Rotation" value="0.707107 0.707107 0 0" />
		<attribute name="Scale" value="40 40 40" />
		<attribute name="Variables" />
		<component type="StaticModel" id="12">
			<attribute name="Model" value="Model;Models/ring.mdl" />
			<attribute name="Material" value="Material;Materials/Blue.xml" />
		</component>
		<component type="RigidBody" id="19">
			<attribute name="Physics Rotation" value="0.707107 0.707107 0 0" />
			<attribute name="Physics Position" value="0.00273228 9.91092 36.8306" />
		</component>
		<component type="CollisionShape" id="20">
			<attribute name="Shape Type" value="TriangleMesh" />
			<attribute name="Model" value="Model;Models/ring.mdl" />
		</component>
	</node>
	<node id="4">
		<attribute name="Is Enabled" value="true" />
		<attribute name="Name" value="" />
		<attribute name="Tags" />
		<attribute name="Position" value="0 -3.94427 7.88854" />
		<attribute name="Rotation" value="0.984808 0 0.173648 0" />
		<attribute name="Scale" value="55 40 1" />
		<attribute name="Variables" />
		<component type="Light" id="4">
			<attribute name="Light Type" value="Directional" />
			<attribute name="Color" value="0.7 0.7 0.7 1" />
			<attribute name="Brightness Multiplier" value="0.8" />
			<attribute name="Cast Shadows" value="true" />
		</component>
	</node>
	<node id="19">
		<attribute name="Is Enabled" value="true" />
		<attribute name="Name" value="cube2" />
		<attribute name="Tags" />
		<attribute name="Position" value="0 -0.3 12.0645" />
		<attribute name="Rotation" value="0.707107 0.707107 0 0" />
		<attribute name="Scale" value="500 700 120" />
		<attribute name="Variables" />
		<component type="StaticModel" id="30">
			<attribute name="Model" value="Model;Models/cube2.mdl" />
			<attribute name="Material" value="Material;Materials/DefaultMaterial.xml" />
		</component>
		<component type="RigidBody" id="31">
			<attribute name="Physics Rotation" value="0.707107 0.707107 0 0" />
			<attribute name="Physics Position" value="0 -0.3 12.0645" />
		</component>
		<component type="CollisionShape" id="32">
			<attribute name="Shape Type" value="TriangleMesh" />
			<attribute name="Model" value="Model;Models/cube2.mdl" />
		</component>
	</node>
</scene>
