<?xml version="1.0"?>
<scene id="1">
	<attribute name="Name" value="" />
	<attribute name="Time Scale" value="1" />
	<attribute name="Smoothing Constant" value="50" />
	<attribute name="Snap Threshold" value="5" />
	<attribute name="Elapsed Time" value="0" />
	<attribute name="Next Replicated Node ID" value="33" />
	<attribute name="Next Replicated Component ID" value="57" />
	<attribute name="Next Local Node ID" value="16777244" />
	<attribute name="Next Local Component ID" value="16777552" />
	<attribute name="Variables" />
	<attribute name="Variable Names" value="" />
	<component type="Octree" id="1" />
	<component type="DebugRenderer" id="2" />
	<component type="Zone" id="5">
		<attribute name="Bounding Box Min" value="-3000 -3000 -3000" />
		<attribute name="Bounding Box Max" value="3000 3000 3000" />
		<attribute name="Ambient Color" value="0.5 0.5 0.5 1" />
		<attribute name="Fog Color" value="0.4 0.5 0.8 1" />
	</component>
	<component type="PhysicsWorld" id="14">
		<attribute name="Gravity" value="0 0.3 0" />
	</component>
	<node id="30">
		<attribute name="Is Enabled" value="true" />
		<attribute name="Name" value="p1" />
		<attribute name="Tags" />
		<attribute name="Position" value="-12.5 -6.0406 17.6904" />
		<attribute name="Rotation" value="0.707107 0.707107 0 0" />
		<attribute name="Scale" value="8 8 8" />
		<attribute name="Variables" />
		<component type="StaticModel" id="52">
			<attribute name="Model" value="Model;Models/p1.mdl" />
			<attribute name="Material" value="Material;Materials/Yellow.xml;Materials/OxidRed.xml;Materials/Orange.xml;Materials/Orange.xml;Materials/Blue.xml;Materials/Blue.xml;Materials/07 - Default.xml;Materials/Water.xml" />
		</component>
		<component type="CollisionShape" id="55">
			<attribute name="Shape Type" value="TriangleMesh" />
			<attribute name="Model" value="Model;Models/p1.mdl" />
		</component>
		<component type="RigidBody" id="56">
			<attribute name="Physics Rotation" value="0.707107 0.707107 0 0" />
			<attribute name="Physics Position" value="-12.5 -6.0406 17.6904" />
		</component>
	</node>
	<node id="32">
		<attribute name="Is Enabled" value="true" />
		<attribute name="Name" value="Pyramid" />
		<attribute name="Tags" />
		<attribute name="Position" value="1.95072 -5.8708 0.785339" />
		<attribute name="Rotation" value="0.5 0.5 0.5 0.5" />
		<attribute name="Scale" value="1e-006 2.5 3" />
		<attribute name="Variables" />
		<component type="StaticModel" id="54">
			<attribute name="Model" value="Model;Models/Pyramid.mdl" />
			<attribute name="Material" value="Material;Materials/White.xml" />
		</component>
	</node>
</scene>
